ALTER TABLE hermandad ALTER COLUMN nombre_completo TYPE VARCHAR(500);
ALTER TABLE hermandad ALTER COLUMN de_interes TYPE VARCHAR(500);

INSERT INTO hermandad (anno_fundacion, de_interes, dias, direccion, nombre, nombre_completo, num_hermanos, num_nazarenos, sede, tiempo_de_paso, id, escudo) VALUES (2018, 'El domingo 12 de mayo de 2024 pasará a la historia de nuestra Agrupación Parroquial con la llegada y bendición de la imagen dolorosa de Santa María de la Caridad a nuestra Parroquia de Santa María Madre de Dios.', 'SABADO_PASION', 'Plaza Juan Ramón Jiménez', 'El Olivo', 'Agrupación Parroquial de Nuestro Señor de la Humildad en el Prendimiento, Santa María de la Caridad y Santa Ángela de la Cruz, Madre de los Pobres "El Olivo"', 800, 200, 'Parroquia de Santa María Madre de Dios', 15, 'f1f2dc19-69c9-4aab-981c-0967657d4f2b', 'el_olivo.png');

INSERT INTO hermandad (anno_fundacion, de_interes, dias, direccion, nombre, nombre_completo, num_hermanos, num_nazarenos, sede, tiempo_de_paso, id) VALUES (1936, 'En su regreso recorre puntos como la Casa de la Moneda, el arco del Postigo, la capilla de la Carretería o la puerta del Arenal.', 'DOMINGO_DE_RAMOS', 'Plaza de Molviedro', 'Jesus Despojado', 'Humilde y Fervorosa Hermandad y Cofradía de Nazarenos de Nuestro Padre Jesús Despojado de sus Vestiduras, María Santísima de los Dolores y Misericordia, Mayor Dolor de Nuestra Señora, San Juan Evangelista, San Bartolomé Apóstol y San Antonio María Claret', 1400, 550, 'Capilla del Mayor Dolor', 28, '61da4278-3319-4ef5-ab24-0d51703259ab');
INSERT INTO hermandad (anno_fundacion, de_interes, dias, direccion, nombre, nombre_completo, num_hermanos, num_nazarenos, sede, tiempo_de_paso, id) VALUES (1939, 'Han aprobado la ejecución de un nuevo palio según diseño de Gonzalo Navarro que bordará el taller de Manuel Solano.', 'DOMINGO_DE_RAMOS', 'Calle San Salvador, 1', 'La Paz', 'Real y Fervorosa Hermandad Sacramental del Señor San Sebastián y Nuestra Señora del Prado y Cofradía de Nazarenos de Nuestro Padre Jesús de la Victoria y María Santísima de la Paz', 6000, 2220, 'Parroquia de San Sebastian', 63, 'd55bba37-a7e8-405e-a50c-a12dd93e11d5');
INSERT INTO hermandad (anno_fundacion, de_interes, dias, direccion, nombre, nombre_completo, num_hermanos, num_nazarenos, sede, tiempo_de_paso, id) VALUES (1580, 'Nuevos ropajes de los apóstoles y una saya bordada en oro sobre terciopelo morado que ejecutada por Antonio Jesús del Castillo.', 'DOMINGO_DE_RAMOS', 'Calle Sol', 'La Cena', 'Antigua, Real, Ilustre y Fervorosa Hermandad Sacramental Esclavitud de Nuestra Señora de la Encarnación y Cofradía de Nazarenos de la Sagrada Cena, Santísimo Cristo de la Humildad y Paciencia y Nuestra Señora del Subterráneo Reina de Cielos y Tierra', 2500, 750, 'Iglesia de los Terceros', 36, '94ce3a54-3447-4240-89ae-f83c43d397be');
INSERT INTO hermandad (anno_fundacion, de_interes, dias, direccion, nombre, nombre_completo, num_hermanos, num_nazarenos, sede, tiempo_de_paso, id) VALUES (1560, 'Este año saldrá a la una de la tarde y volverá en torno a las doce y media de la noche por el nuevo puesto que ocupan en la nómina.', 'DOMINGO_DE_RAMOS', 'Plaza de San Julian', 'La Hiniesta', 'Real e Ilustre Hermandad Sacramental de la Inmaculada Concepción y Primitiva, Franciscana y Cisterciense Cofradía de Nazarenos de la Piedad de Nuestra Señora, Santísimo Cristo de la Buena Muerte, Santa María Magdalena y María Santísima de la Hiniesta Dolorosa y Gloriosa Coronada', 4000, 1400, 'Parroquia de San Julián', 47, 'a8b6b571-9abf-4c93-991f-042826aa0b94');
INSERT INTO hermandad (anno_fundacion, de_interes, dias, direccion, nombre, nombre_completo, num_hermanos, num_nazarenos, sede, tiempo_de_paso, id) VALUES (1901, 'Especialmente emotivo es su regreso por la Judería, sobre todo por la calle Caballerizas donde hay un azulejo que inmortaliza el momento.', 'DOMINGO_DE_RAMOS', 'Plaza Carmen Benítez', 'San Roque', 'Real, Ilustre y Fervorosa Archicofradía del Santísimo Sacramento, Pura y Limpia Concepción y Ánimas Benditas, Santo Crucifijo de San Agustín y Hermandad de Penitencia de Nuestro Padre Jesús de las Penas y Nuestra Señora de Gracia y Esperanza', 2100, 780, 'Parroquia de San Roque', 33, '1774a7b3-49f7-4654-ab84-f03ca48d5e90');
INSERT INTO hermandad (anno_fundacion, de_interes, dias, direccion, nombre, nombre_completo, num_hermanos, num_nazarenos, sede, tiempo_de_paso, id) VALUES (1696, 'En la reordenación de la jornada, la hermandad ha intercambiado su puesto con la Estrella. Fue la primera dolorosa coronada de Sevilla.', 'DOMINGO_DE_RAMOS', 'Calle Feria, 2', 'La Amargura', 'Pontificia, Real e Ilustre Hermandad Sacramental y Cofradía de Nazarenos  de Nuestro Padre Jesús del Silencio en el Desprecio de Herodes, María Santísima de la Amargura Coronada, San Juan Evangelista y Santa Ángela de la Cruz', 3600, 1200, 'Iglesia de San Juan de la Palma', 42, '5af62b53-0bfa-4ead-aae3-7f6782d09402');
INSERT INTO hermandad (anno_fundacion, de_interes, dias, direccion, nombre, nombre_completo, num_hermanos, num_nazarenos, sede, tiempo_de_paso, id, escudo) VALUES (1618, 'Este año se podrá ver el portentoso conjunto del paso de palio tras la restauración de las piezas bordades por parte del taller de Manuel Solano y el IAPH. Tras la Semana Santa decidirán la restauración del Cristo', 'DOMINGO_DE_RAMOS', 'Plaza del Salvador', 'El Amor', 'Primitiva Archicofradía Pontificia y Real Hermandad de Nazarenos de la Sagrada Entrada en Jerusalén, Santísimo Cristo del Amor, Ntra. Señora del Socorro y Santiago Apóstol', 5600, 1900, 'Iglesia Colegial del Divino Salvador', 54, '2a822aaf-05e5-42d3-8600-069ec12adac9', 'amor.png');

INSERT INTO hermandad (anno_fundacion, de_interes, dias, direccion, nombre, nombre_completo, num_hermanos, num_nazarenos, sede, tiempo_de_paso, id) VALUES (2005, 'La banda de la Salud de Córdoba se estrenará tras el paso del Señor Cautivo y Rescatado en la vuelta de la cofradía a su templo.', 'LUNES_SANTO', 'Calle Jesús Cautivo y Rescatado, s/n', 'San Pablo', 'Fervorosa y Trinitaria Hermandad del Santísimo Sacramento y Cofradía de Nazarenos de Ntro. Padre Jesús Cautivo y Rescatado, Ntra. Sra. del Rosario Doloroso, San Juan de Mata, San Ignacio de Loyola.', 3500, 900, 'Parroquia de San Ignacio de Loyola', 33, '2fbcf0f2-88de-4432-9a88-1897fc95cc51');
INSERT INTO hermandad (anno_fundacion, de_interes, dias, direccion, nombre, nombre_completo, num_hermanos, num_nazarenos, sede, tiempo_de_paso, id) VALUES (1955, 'La corporación saldrá de la iglesia de Santiago tras su restauración pero deberá volver a San Ildefonso. Tramitan la coronación canónica.', 'LUNES_SANTO', 'Plaza de Jesús de la Redención', 'La Redencion', 'Real e Ilustre Hermandad del Santísimo Sacramento y Cofradía de Nazarenos de Nuestro Padre Jesús de la Redención en el Beso de Judas, María Santísima del Rocío, Nuestra Señora del Carmen, San Fernando Rey y San Lucas Evangelista', 4100, 1400, 'Iglesia de Santiago', 47, '754b7b8e-81bd-414b-8855-bc6ac023d6e2');
INSERT INTO hermandad (anno_fundacion, de_interes, dias, direccion, nombre, nombre_completo, num_hermanos, num_nazarenos, sede, tiempo_de_paso, id) VALUES (1956, 'Celebraron el pasado mes de septiembre los 50 años de la imposición de la corona a la Virgen de las Mercedes y el cuarto de siglo de su ratificación canónica en una procesión extraordinaria donde acudió a la Catedral.', 'LUNES_SANTO', 'Avenida de los Teatinos, 41', 'Santa Genoveva', 'Hermandad y Cofradía de Nazarenos del Santísimo Sacramento, Nuestro Padre Jesús Cautivo en el Abandono de sus Discípulos, y Nuestra Señora de las Mercedes Coronada y San Juan Evangelista en la Tercera Palabra, Inmaculada Milagrosa y Santa Genoveva', 4500, 1800, 'Parroquia de Santa Genoveva', 59, '1328bd4a-7eb6-4b6e-8b0e-b3f7852a9a40');
INSERT INTO hermandad (anno_fundacion, de_interes, dias, direccion, nombre, nombre_completo, num_hermanos, num_nazarenos, sede, tiempo_de_paso, id) VALUES (1946, 'La corporación se encuentra celebrando un Año Jubilar por el 75 aniversario de la fundación. Por ello realizaron en cuaresma el vía crucis del Cristo de la Caridad por las calles del barrio de manera extraordinaria.', 'LUNES_SANTO', 'Calle Daoiz, 17', 'Santa Marta', 'Real, Muy Ilustre y Venerable Hermandad del Santísimo Sacramento, Inmaculada Concepción, Ánimas Benditas y Cofradía de Nazarenos del Santísimo Cristo de la Caridad en su Traslado al Sepulcro, Nuestra Señora de las Penas y Santa Marta', 2200, 1100, 'Parroquia de San Andrés', 32, 'cf130e01-3dde-4a94-b572-c0f0c1ff3475');
INSERT INTO hermandad (anno_fundacion, de_interes, dias, direccion, nombre, nombre_completo, num_hermanos, num_nazarenos, sede, tiempo_de_paso, id) VALUES (1942, 'Este año pasarán por la recién rotulada calle del fallecido Bienvenido Puelles que fuera hermano mayor de la cofradía y reconocido compositor de música procesional.', 'LUNES_SANTO', 'Plaza de San Gonzalo', 'San Gonzalo', 'Pontificia y Real Hermandad del Santísimo Sacramento y Cofradía de Nazarenos de Nuestro Padre Jesús en su Soberano Poder ante Caifás, Nuestra Señora de la Salud y San Juan Evangelista', 6200, 2200, 'Parroquia de San Gonzalo', 75, '40dee544-59d2-47dd-abaa-9a2320109bcf');
INSERT INTO hermandad (anno_fundacion, de_interes, dias, direccion, nombre, nombre_completo, num_hermanos, num_nazarenos, sede, tiempo_de_paso, id) VALUES (1448, 'Llevan representaciones de otras cofradías de la Confraternidad de la Vera-Cruz.En el cortejo procesiona una reliquia del Lignum Crucis', 'LUNES_SANTO', 'Calle Baños, 17', 'Vera-Cruz', 'Muy Antigua, Siempre Ilustre, Venerable, Pontificia, Real, Fervorosa, Humilde y Seráfica Hermandad y Archicofradía de Nazarenos de la Santísima Vera Cruz, Sangre de Ntro. Señor Jesucristo y Tristezas de María Santísima', 1500, 600, 'Capilla del Dulce Nombre de Jesús', 28, 'fd9e32bd-1f1f-484c-98d4-6ef2915ab303');
INSERT INTO hermandad (anno_fundacion, de_interes, dias, direccion, nombre, nombre_completo, num_hermanos, num_nazarenos, sede, tiempo_de_paso, id) VALUES (1845, 'La hermandad posee un interesante patrimonio musical encabezado por dos marchas de Antonio Pantión, “Jesús de las Penas” y “Tus Dolores son mis Penas” además de las coplas litúrgicas', 'LUNES_SANTO', 'Calle San Vicente', 'Las Penas', 'Hermandad y Cofradía de Nazarenos de Nuestro Padre Jesús de las Penas y María Santísima de los Dolores', 2000, 800, 'Parroquia de San Vicente', 30, '40418d3f-6e05-4008-81d4-2facfa257509');
INSERT INTO hermandad (anno_fundacion, de_interes, dias, direccion, nombre, nombre_completo, num_hermanos, num_nazarenos, sede, tiempo_de_paso, id) VALUES (1750, 'Se encuentran en proceso de restauración y renovación del palio.', 'LUNES_SANTO', 'Calle Dos de Mayo', 'Las Aguas', 'Real, Ilustre, Antigua y Fervorosa Hermandad de la Santa Cruz y Nuestra Señora del Rosario y Archicofradía de Nazarenos del Santísimo Cristo de las Aguas, Nuestra Madre y Señora del Mayor Dolor y María Santísima de Guadalupe', 2000, 750, 'Capilla de Nuestra Señora del Rosario', 32, 'e4371fd8-aace-4c0f-ab91-3e8dce4037a7');
INSERT INTO hermandad (anno_fundacion, de_interes, dias, direccion, nombre, nombre_completo, num_hermanos, num_nazarenos, sede, tiempo_de_paso, id) VALUES (1575, 'La cofradía celebró un cabildo de hermanos el pasado 7 de marzo para decidir si a la dolorosa se le colocaban las manos primitivas de Cristóbal Ramos. Sin embargo, la iniciativa no obtuvo la mayoría suficiente para que saliera adelante.', 'LUNES_SANTO', 'Plaza del Museo', 'El Museo', 'Real, Ilustre y Fervorosa Hermandad del Santísimo Sacramento y Archicofradía de Nazarenos de la Sagrada Expiración de Nuestro Señor Jesucristo y María Santísima de las Aguas', 3500, 900, 'Capilla del Museo', 40, '8499961b-359d-496a-a9d1-f6536ac5b854');

INSERT INTO hermandad_imagenes (hermandad_id, imagenes) VALUES ('2a822aaf-05e5-42d3-8600-069ec12adac9', 'amor1.png');
INSERT INTO hermandad_imagenes (hermandad_id, imagenes) VALUES ('2a822aaf-05e5-42d3-8600-069ec12adac9', 'amor2.png');
INSERT INTO hermandad_imagenes (hermandad_id, imagenes) VALUES ('2a822aaf-05e5-42d3-8600-069ec12adac9', 'amor3.png');
INSERT INTO hermandad_imagenes (hermandad_id, imagenes) VALUES ('2a822aaf-05e5-42d3-8600-069ec12adac9', 'amor4.png');

INSERT INTO musica (anno_fundacion, id, localidad, nombre, tipo_banda) VALUES (1996, 'a41349f7-a89d-4697-93b0-e810fe05993c', 'Sevilla', 'Banda de Musica de Las Cigarreras', 'BANDA_MUSICA')

INSERT INTO paso (num_costaleros, id_hermandad, id, capataz, imagen) VALUES (35, '2a822aaf-05e5-42d3-8600-069ec12adac9', 'b9b6da21-b73f-447d-a7dc-8274c41c063e', 'José María Rojas Marcos', 'Santisimo Cristo del Amor')
INSERT INTO paso (num_costaleros, id_hermandad, id, capataz, imagen) VALUES (35, '2a822aaf-05e5-42d3-8600-069ec12adac9', 'cce03820-e440-40db-b42e-419572c5dedf', 'Arturo Candau del Cid', 'Nuestra Señora del Socorro')

INSERT INTO paso_imagenes (paso_id, imagenes) VALUES ('b9b6da21-b73f-447d-a7dc-8274c41c063e', 'amor1.png');
INSERT INTO paso_imagenes (paso_id, imagenes) VALUES ('b9b6da21-b73f-447d-a7dc-8274c41c063e', 'amor2.png');
INSERT INTO paso_imagenes (paso_id, imagenes) VALUES ('cce03820-e440-40db-b42e-419572c5dedf', 'amor3.png');
INSERT INTO paso_imagenes (paso_id, imagenes) VALUES ('cce03820-e440-40db-b42e-419572c5dedf', 'amor4.png');

INSERT INTO paso_musica (id_musica, id_paso) VALUES ('a41349f7-a89d-4697-93b0-e810fe05993c', 'cce03820-e440-40db-b42e-419572c5dedf')

INSERT INTO card (id_hermandad, tipo_card, titulo, id) VALUES ('f1f2dc19-69c9-4aab-981c-0967657d4f2b', 'ESCUDO', 'Escudo de la A.P. El Olivo', 19)
INSERT INTO card (id_hermandad, tipo_card, titulo, id) VALUES ('f1f2dc19-69c9-4aab-981c-0967657d4f2b', 'CRUZ_DE_GUIA', 'Cruz de Guia', 20)
INSERT INTO card (id_hermandad, tipo_card, titulo, id) VALUES ('f1f2dc19-69c9-4aab-981c-0967657d4f2b', 'INSIGNIA', 'Pertiga', 21)
INSERT INTO card (id_hermandad, tipo_card, titulo, id) VALUES ('f1f2dc19-69c9-4aab-981c-0967657d4f2b', 'PASO', 'Paso de Ntro. Padre. Jesus de la Humildad', 22)
INSERT INTO card (id_hermandad, tipo_card, titulo, id) VALUES ('f1f2dc19-69c9-4aab-981c-0967657d4f2b', 'PALIO', 'Paso de Sta. Maria de la Caridad', 23)
INSERT INTO card (id_hermandad, tipo_card, titulo, id) VALUES ('f1f2dc19-69c9-4aab-981c-0967657d4f2b', 'CRISTO', 'Ntro. Padre Jesus de la Humildad', 24)
INSERT INTO card (id_hermandad, tipo_card, titulo, id) VALUES ('f1f2dc19-69c9-4aab-981c-0967657d4f2b', 'VIRGEN', 'Santa Maria de la Caridad', 25)
INSERT INTO card (id_hermandad, tipo_card, titulo, id) VALUES ('f1f2dc19-69c9-4aab-981c-0967657d4f2b', 'FLASH', 'Primera salida procesional', 26)
INSERT INTO card (id_hermandad, tipo_card, titulo, id) VALUES ('f1f2dc19-69c9-4aab-981c-0967657d4f2b', 'INSIGNIA', 'Reliquia de Santa Angela', 27)

INSERT INTO card (id_hermandad, tipo_card, titulo, id) VALUES ('2a822aaf-05e5-42d3-8600-069ec12adac9', 'ESCUDO', 'Escudo de la Hdad. de El Amor', 1)
INSERT INTO card (id_hermandad, nombre_fotografo, tipo_card, titulo, id) VALUES ('2a822aaf-05e5-42d3-8600-069ec12adac9', 'Paco', 'CRUZ_DE_GUIA', 'Cruz de Guía', 2)
INSERT INTO card (id_hermandad, nombre_fotografo, tipo_card, titulo, id) VALUES ('2a822aaf-05e5-42d3-8600-069ec12adac9', 'Paco', 'INSIGNIA', 'Estandarte', 3)
INSERT INTO card (id_hermandad, nombre_fotografo, tipo_card, titulo, id) VALUES ('2a822aaf-05e5-42d3-8600-069ec12adac9', 'Paco', 'PASO', 'Paso del Stmo. Cristo del Amor', 4)
INSERT INTO card (id_hermandad, nombre_fotografo, tipo_card, titulo, id) VALUES ('2a822aaf-05e5-42d3-8600-069ec12adac9', 'Paco', 'PALIO', 'Paso de palio de Ntra. Sra. del Socorro', 5)
INSERT INTO card (id_hermandad, nombre_fotografo, tipo_card, titulo, id) VALUES ('2a822aaf-05e5-42d3-8600-069ec12adac9', 'Paco', 'CRISTO', 'Stmo. Cristo del Amor', 6)
INSERT INTO card (id_hermandad, nombre_fotografo, tipo_card, titulo, id) VALUES ('2a822aaf-05e5-42d3-8600-069ec12adac9', 'Paco', 'VIRGEN', 'Ntra. Sra. del Socorro', 7)
INSERT INTO card (id_hermandad, nombre_fotografo, tipo_card, titulo, id) VALUES ('2a822aaf-05e5-42d3-8600-069ec12adac9', 'Paco', 'FLASH', 'Pelicano', 8)
INSERT INTO card (id_hermandad, nombre_fotografo, tipo_card, titulo, id) VALUES ('2a822aaf-05e5-42d3-8600-069ec12adac9', 'Paco', 'INSIGNIA', 'Llamador paso de palio', 9)


INSERT INTO card (id_hermandad, tipo_card, titulo, id) VALUES ('61da4278-3319-4ef5-ab24-0d51703259ab', 'ESCUDO', 'Escudo de la Hdad. de Jesus Despojado', 10)
INSERT INTO card (id_hermandad, tipo_card, titulo, id) VALUES ('61da4278-3319-4ef5-ab24-0d51703259ab', 'ESCUDO', 'Escudo de la Hdad. de Jesus Despojado', 11)
INSERT INTO card (id_hermandad, tipo_card, titulo, id) VALUES ('61da4278-3319-4ef5-ab24-0d51703259ab', 'ESCUDO', 'Escudo de la Hdad. de Jesus Despojado', 12)
INSERT INTO card (id_hermandad, tipo_card, titulo, id) VALUES ('61da4278-3319-4ef5-ab24-0d51703259ab', 'ESCUDO', 'Escudo de la Hdad. de Jesus Despojado', 13)
INSERT INTO card (id_hermandad, tipo_card, titulo, id) VALUES ('61da4278-3319-4ef5-ab24-0d51703259ab', 'ESCUDO', 'Escudo de la Hdad. de Jesus Despojado', 14)
INSERT INTO card (id_hermandad, tipo_card, titulo, id) VALUES ('61da4278-3319-4ef5-ab24-0d51703259ab', 'ESCUDO', 'Escudo de la Hdad. de Jesus Despojado', 15)
INSERT INTO card (id_hermandad, tipo_card, titulo, id) VALUES ('61da4278-3319-4ef5-ab24-0d51703259ab', 'ESCUDO', 'Escudo de la Hdad. de Jesus Despojado', 16)
INSERT INTO card (id_hermandad, tipo_card, titulo, id) VALUES ('61da4278-3319-4ef5-ab24-0d51703259ab', 'ESCUDO', 'Escudo de la Hdad. de Jesus Despojado', 17)
INSERT INTO card (id_hermandad, tipo_card, titulo, id) VALUES ('61da4278-3319-4ef5-ab24-0d51703259ab', 'ESCUDO', 'Escudo de la Hdad. de Jesus Despojado', 18)


INSERT INTO user_entity (account_non_expired, account_non_locked, apellidos, created_at, credentials_non_expired, email, enabled, nombre, password, username, id, id_hermandad) VALUES (true, true, 'Lopez Perez', CURRENT_TIMESTAMP, true, 'paco@paco.paco', true, 'Paco', '{bcrypt}$2a$12$srwfnd5NQV1XXdLYCB4zQ./n.0i3RQ57giOSmqqg4WJn8UuQMefBi', 'paco', '45968cb7-1d51-4751-8d40-e0ffd1e07c16', '2a822aaf-05e5-42d3-8600-069ec12adac9')

INSERT INTO user_entity_cards (cards_id, user_id) VALUES (1, '45968cb7-1d51-4751-8d40-e0ffd1e07c16')
INSERT INTO user_entity_cards (cards_id, user_id) VALUES (2, '45968cb7-1d51-4751-8d40-e0ffd1e07c16')
INSERT INTO user_entity_cards (cards_id, user_id) VALUES (3, '45968cb7-1d51-4751-8d40-e0ffd1e07c16')
INSERT INTO user_entity_cards (cards_id, user_id) VALUES (4, '45968cb7-1d51-4751-8d40-e0ffd1e07c16')
INSERT INTO user_entity_cards (cards_id, user_id) VALUES (5, '45968cb7-1d51-4751-8d40-e0ffd1e07c16')
INSERT INTO user_entity_cards (cards_id, user_id) VALUES (6, '45968cb7-1d51-4751-8d40-e0ffd1e07c16')
INSERT INTO user_entity_cards (cards_id, user_id) VALUES (7, '45968cb7-1d51-4751-8d40-e0ffd1e07c16')
INSERT INTO user_entity_cards (cards_id, user_id) VALUES (8, '45968cb7-1d51-4751-8d40-e0ffd1e07c16')
INSERT INTO user_entity_cards (cards_id, user_id) VALUES (9, '45968cb7-1d51-4751-8d40-e0ffd1e07c16')
INSERT INTO user_entity_cards (cards_id, user_id) VALUES (10, '45968cb7-1d51-4751-8d40-e0ffd1e07c16')
INSERT INTO user_entity_cards (cards_id, user_id) VALUES (11, '45968cb7-1d51-4751-8d40-e0ffd1e07c16')
INSERT INTO user_entity_cards (cards_id, user_id) VALUES (12, '45968cb7-1d51-4751-8d40-e0ffd1e07c16')
INSERT INTO user_entity_cards (cards_id, user_id) VALUES (13, '45968cb7-1d51-4751-8d40-e0ffd1e07c16')
INSERT INTO user_entity_cards (cards_id, user_id) VALUES (14, '45968cb7-1d51-4751-8d40-e0ffd1e07c16')
INSERT INTO user_entity_cards (cards_id, user_id) VALUES (15, '45968cb7-1d51-4751-8d40-e0ffd1e07c16')
INSERT INTO user_entity_cards (cards_id, user_id) VALUES (16, '45968cb7-1d51-4751-8d40-e0ffd1e07c16')
INSERT INTO user_entity_cards (cards_id, user_id) VALUES (17, '45968cb7-1d51-4751-8d40-e0ffd1e07c16')
INSERT INTO user_entity_cards (cards_id, user_id) VALUES (18, '45968cb7-1d51-4751-8d40-e0ffd1e07c16')
INSERT INTO user_entity_cards (cards_id, user_id) VALUES (19, '45968cb7-1d51-4751-8d40-e0ffd1e07c16')
INSERT INTO user_entity_cards (cards_id, user_id) VALUES (20, '45968cb7-1d51-4751-8d40-e0ffd1e07c16')
INSERT INTO user_entity_cards (cards_id, user_id) VALUES (21, '45968cb7-1d51-4751-8d40-e0ffd1e07c16')
INSERT INTO user_entity_cards (cards_id, user_id) VALUES (22, '45968cb7-1d51-4751-8d40-e0ffd1e07c16')
INSERT INTO user_entity_cards (cards_id, user_id) VALUES (23, '45968cb7-1d51-4751-8d40-e0ffd1e07c16')
INSERT INTO user_entity_cards (cards_id, user_id) VALUES (24, '45968cb7-1d51-4751-8d40-e0ffd1e07c16')
INSERT INTO user_entity_cards (cards_id, user_id) VALUES (25, '45968cb7-1d51-4751-8d40-e0ffd1e07c16')
INSERT INTO user_entity_cards (cards_id, user_id) VALUES (26, '45968cb7-1d51-4751-8d40-e0ffd1e07c16')
INSERT INTO user_entity_cards (cards_id, user_id) VALUES (27, '45968cb7-1d51-4751-8d40-e0ffd1e07c16')



INSERT INTO user_entity_hermandades_favoritas (hermandades_favoritas_id, user_id) VALUES ('2a822aaf-05e5-42d3-8600-069ec12adac9', '45968cb7-1d51-4751-8d40-e0ffd1e07c16')
INSERT INTO user_entity_hermandades_favoritas (hermandades_favoritas_id, user_id) VALUES ('40418d3f-6e05-4008-81d4-2facfa257509', '45968cb7-1d51-4751-8d40-e0ffd1e07c16')

